
[
  { "countryCode": "US", "countryName": "United States", "currency": { "code": "USD", "symbol": "$" } },
  { "countryCode": "GB", "countryName": "United Kingdom", "currency": { "code": "GBP", "symbol": "£" } },
  { "countryCode": "CA", "countryName": "Canada", "currency": { "code": "CAD", "symbol": "$" } },
  { "countryCode": "AU", "countryName": "Australia", "currency": { "code": "AUD", "symbol": "$" } },
  { "countryCode": "DE", "countryName": "Germany", "currency": { "code": "EUR", "symbol": "€" } },
  { "countryCode": "FR", "countryName": "France", "currency": { "code": "EUR", "symbol": "€" } },
  { "countryCode": "JP", "countryName": "Japan", "currency": { "code": "JPY", "symbol": "¥" } },
  { "countryCode": "CN", "countryName": "China", "currency": { "code": "CNY", "symbol": "¥" } },
  { "countryCode": "IN", "countryName": "India", "currency": { "code": "INR", "symbol": "₹" } },
  { "countryCode": "BR", "countryName": "Brazil", "currency": { "code": "BRL", "symbol": "R$" } },
  { "countryCode": "RU", "countryName": "Russia", "currency": { "code": "RUB", "symbol": "₽" } },
  { "countryCode": "IT", "countryName": "Italy", "currency": { "code": "EUR", "symbol": "€" } },
  { "countryCode": "ES", "countryName": "Spain", "currency": { "code": "EUR", "symbol": "€" } },
  { "countryCode": "MX", "countryName": "Mexico", "currency": { "code": "MXN", "symbol": "$" } },
  { "countryCode": "KR", "countryName": "South Korea", "currency": { "code": "KRW", "symbol": "₩" } },
  { "countryCode": "NL", "countryName": "Netherlands", "currency": { "code": "EUR", "symbol": "€" } },
  { "countryCode": "CH", "countryName": "Switzerland", "currency": { "code": "CHF", "symbol": "CHF" } },
  { "countryCode": "SE", "countryName": "Sweden", "currency": { "code": "SEK", "symbol": "kr" } },
  { "countryCode": "NO", "countryName": "Norway", "currency": { "code": "NOK", "symbol": "kr" } },
  { "countryCode": "DK", "countryName": "Denmark", "currency": { "code": "DKK", "symbol": "kr" } },
  { "countryCode": "PL", "countryName": "Poland", "currency": { "code": "PLN", "symbol": "zł" } },
  { "countryCode": "TR", "countryName": "Turkey", "currency": { "code": "TRY", "symbol": "₺" } },
  { "countryCode": "ZA", "countryName": "South Africa", "currency": { "code": "ZAR", "symbol": "R" } },
  { "countryCode": "AR", "countryName": "Argentina", "currency": { "code": "ARS", "symbol": "$" } },
  { "countryCode": "CL", "countryName": "Chile", "currency": { "code": "CLP", "symbol": "$" } },
  { "countryCode": "CO", "countryName": "Colombia", "currency": { "code": "COP", "symbol": "$" } },
  { "countryCode": "NZ", "countryName": "New Zealand", "currency": { "code": "NZD", "symbol": "$" } },
  { "countryCode": "SG", "countryName": "Singapore", "currency": { "code": "SGD", "symbol": "$" } },
  { "countryCode": "HK", "countryName": "Hong Kong", "currency": { "code": "HKD", "symbol": "$" } },
  { "countryCode": "AE", "countryName": "United Arab Emirates", "currency": { "code": "AED", "symbol": "د.إ" } },
  { "countryCode": "SA", "countryName": "Saudi Arabia", "currency": { "code": "SAR", "symbol": "﷼" } },
  { "countryCode": "EG", "countryName": "Egypt", "currency": { "code": "EGP", "symbol": "£" } },
  { "countryCode": "ID", "countryName": "Indonesia", "currency": { "code": "IDR", "symbol": "Rp" } },
  { "countryCode": "MY", "countryName": "Malaysia", "currency": { "code": "MYR", "symbol": "RM" } },
  { "countryCode": "TH", "countryName": "Thailand", "currency": { "code": "THB", "symbol": "฿" } },
  { "countryCode": "VN", "countryName": "Vietnam", "currency": { "code": "VND", "symbol": "₫" } },
  { "countryCode": "PH", "countryName": "Philippines", "currency": { "code": "PHP", "symbol": "₱" } },
  { "countryCode": "PK", "countryName": "Pakistan", "currency": { "code": "PKR", "symbol": "₨" } },
  { "countryCode": "BD", "countryName": "Bangladesh", "currency": { "code": "BDT", "symbol": "৳" } },
  { "countryCode": "NG", "countryName": "Nigeria", "currency": { "code": "NGN", "symbol": "₦" } },
  { "countryCode": "KE", "countryName": "Kenya", "currency": { "code": "KES", "symbol": "KSh" } },
  { "countryCode": "GH", "countryName": "Ghana", "currency": { "code": "GHS", "symbol": "GH₵" } },
  { "countryCode": "IE", "countryName": "Ireland", "currency": { "code": "EUR", "symbol": "€" } },
  { "countryCode": "AT", "countryName": "Austria", "currency": { "code": "EUR", "symbol": "€" } },
  { "countryCode": "BE", "countryName": "Belgium", "currency": { "code": "EUR", "symbol": "€" } },
  { "countryCode": "FI", "countryName": "Finland", "currency": { "code": "EUR", "symbol": "€" } },
  { "countryCode": "GR", "countryName": "Greece", "currency": { "code": "EUR", "symbol": "€" } },
  { "countryCode": "PT", "countryName": "Portugal", "currency": { "code": "EUR", "symbol": "€" } },
  { "countryCode": "CZ", "countryName": "Czech Republic", "currency": { "code": "CZK", "symbol": "Kč" } },
  { "countryCode": "HU", "countryName": "Hungary", "currency": { "code": "HUF", "symbol": "Ft" } },
  { "countryCode": "RO", "countryName": "Romania", "currency": { "code": "RON", "symbol": "lei" } },
  { "countryCode": "IL", "countryName": "Israel", "currency": { "code": "ILS", "symbol": "₪" } },
  { "countryCode": "QA", "countryName": "Qatar", "currency": { "code": "QAR", "symbol": "﷼" } },
  { "countryCode": "KW", "countryName": "Kuwait", "currency": { "code": "KWD", "symbol": "د.ك" } },
  { "countryCode": "OM", "countryName": "Oman", "currency": { "code": "OMR", "symbol": "﷼" } },
  { "countryCode": "BH", "countryName": "Bahrain", "currency": { "code": "BHD", "symbol": ".د.ب" } },
  { "countryCode": "PE", "countryName": "Peru", "currency": { "code": "PEN", "symbol": "S/." } },
  { "countryCode": "EC", "countryName": "Ecuador", "currency": { "code": "USD", "symbol": "$" } },
  { "countryCode": "VE", "countryName": "Venezuela", "currency": { "code": "VES", "symbol": "Bs." } },
  { "countryCode": "UY", "countryName": "Uruguay", "currency": { "code": "UYU", "symbol": "$U" } },
  { "countryCode": "CR", "countryName": "Costa Rica", "currency": { "code": "CRC", "symbol": "₡" } },
  { "countryCode": "PA", "countryName": "Panama", "currency": { "code": "PAB", "symbol": "B/." } },
  { "countryCode": "DO", "countryName": "Dominican Republic", "currency": { "code": "DOP", "symbol": "RD$" } },
  { "countryCode": "GT", "countryName": "Guatemala", "currency": { "code": "GTQ", "symbol": "Q" } },
  { "countryCode": "HN", "countryName": "Honduras", "currency": { "code": "HNL", "symbol": "L" } },
  { "countryCode": "NI", "countryName": "Nicaragua", "currency": { "code": "NIO", "symbol": "C$" } },
  { "countryCode": "SV", "countryName": "El Salvador", "currency": { "code": "USD", "symbol": "$" } },
  { "countryCode": "LK", "countryName": "Sri Lanka", "currency": { "code": "LKR", "symbol": "₨" } },
  { "countryCode": "MM", "countryName": "Myanmar", "currency": { "code": "MMK", "symbol": "K" } },
  { "countryCode": "KH", "countryName": "Cambodia", "currency": { "code": "KHR", "symbol": "៛" } },
  { "countryCode": "LA", "countryName": "Laos", "currency": { "code": "LAK", "symbol": "₭" } },
  { "countryCode": "NP", "countryName": "Nepal", "currency": { "code": "NPR", "symbol": "₨" } },
  { "countryCode": "MN", "countryName": "Mongolia", "currency": { "code": "MNT", "symbol": "₮" } },
  { "countryCode": "KZ", "countryName": "Kazakhstan", "currency": { "code": "KZT", "symbol": "₸" } },
  { "countryCode": "UZ", "countryName": "Uzbekistan", "currency": { "code": "UZS", "symbol": "лв" } },
  { "countryCode": "UA", "countryName": "Ukraine", "currency": { "code": "UAH", "symbol": "₴" } },
  { "countryCode": "BY", "countryName": "Belarus", "currency": { "code": "BYN", "symbol": "Br" } },
  { "countryCode": "GE", "countryName": "Georgia", "currency": { "code": "GEL", "symbol": "₾" } },
  { "countryCode": "AZ", "countryName": "Azerbaijan", "currency": { "code": "AZN", "symbol": "₼" } },
  { "countryCode": "AM", "countryName": "Armenia", "currency": { "code": "AMD", "symbol": "֏" } },
  { "countryCode": "HR", "countryName": "Croatia", "currency": { "code": "EUR", "symbol": "€" } },
  { "countryCode": "RS", "countryName": "Serbia", "currency": { "code": "RSD", "symbol": "дин." } },
  { "countryCode": "BA", "countryName": "Bosnia and Herzegovina", "currency": { "code": "BAM", "symbol": "KM" } },
  { "countryCode": "SI", "countryName": "Slovenia", "currency": { "code": "EUR", "symbol": "€" } },
  { "countryCode": "SK", "countryName": "Slovakia", "currency": { "code": "EUR", "symbol": "€" } },
  { "countryCode": "LT", "countryName": "Lithuania", "currency": { "code": "EUR", "symbol": "€" } },
  { "countryCode": "LV", "countryName": "Latvia", "currency": { "code": "EUR", "symbol": "€" } },
  { "countryCode": "EE", "countryName": "Estonia", "currency": { "code": "EUR", "symbol": "€" } },
  { "countryCode": "BG", "countryName": "Bulgaria", "currency": { "code": "BGN", "symbol": "лв" } },
  { "countryCode": "CY", "countryName": "Cyprus", "currency": { "code": "EUR", "symbol": "€" } },
  { "countryCode": "LU", "countryName": "Luxembourg", "currency": { "code": "EUR", "symbol": "€" } },
  { "countryCode": "MT", "countryName": "Malta", "currency": { "code": "EUR", "symbol": "€" } },
  { "countryCode": "IS", "countryName": "Iceland", "currency": { "code": "ISK", "symbol": "kr" } },
  { "countryCode": "AL", "countryName": "Albania", "currency": { "code": "ALL", "symbol": "Lek" } },
  { "countryCode": "MK", "countryName": "North Macedonia", "currency": { "code": "MKD", "symbol": "ден" } },
  { "countryCode": "MD", "countryName": "Moldova", "currency": { "code": "MDL", "symbol": "L" } },
  { "countryCode": "MA", "countryName": "Morocco", "currency": { "code": "MAD", "symbol": "د.م." } },
  { "countryCode": "DZ", "countryName": "Algeria", "currency": { "code": "DZD", "symbol": "دج" } },
  { "countryCode": "TN", "countryName": "Tunisia", "currency": { "code": "TND", "symbol": "DT" } },
  { "countryCode": "LY", "countryName": "Libya", "currency": { "code": "LYD", "symbol": "ل.د" } },
  { "countryCode": "JO", "countryName": "Jordan", "currency": { "code": "JOD", "symbol": "JD" } },
  { "countryCode": "LB", "countryName": "Lebanon", "currency": { "code": "LBP", "symbol": "£" } },
  { "countryCode": "IQ", "countryName": "Iraq", "currency": { "code": "IQD", "symbol": "ع.د" } }
]
